invoice_key,date_key,job_key,amount,paid_amount,status
1,20251201,2,282.33,25.96,Partial
2,20251201,3,441.26,441.26,Paid
3,20251201,4,518.11,518.11,Paid
4,20251201,5,451.1,451.1,Paid
5,20251201,7,452.15,452.15,Paid
6,20251201,8,142.94,28.47,Partial
7,20251201,9,289.69,117.59,Partial
8,20251201,10,6382.66,854.61,Partial
9,20251201,11,309.14,309.14,Paid
10,20251202,14,355.62,355.62,Paid
11,20251202,16,380.29,380.29,Paid
12,20251202,17,134.28,134.28,Paid
13,20251202,18,455.57,455.57,Paid
14,20251202,19,350.28,350.28,Paid
15,20251202,20,542.98,542.98,Paid
16,20251202,21,511.91,511.91,Paid
17,20251202,23,356.0,356.0,Paid
18,20251203,25,153.94,153.94,Paid
19,20251203,26,6667.64,6667.64,Paid
20,20251203,27,391.65,391.65,Paid
21,20251203,28,152.61,152.61,Paid
22,20251203,29,156.31,156.31,Paid
23,20251203,30,398.43,398.43,Paid
24,20251203,31,321.0,321.0,Paid
25,20251203,32,419.22,108.23,Partial
26,20251203,33,6882.04,1703.51,Partial
27,20251203,35,7338.65,7338.65,Paid
28,20251204,36,443.85,443.85,Paid
29,20251204,37,387.46,33.47,Partial
30,20251204,38,380.88,380.88,Paid
31,20251204,39,7287.59,7287.59,Paid
32,20251204,40,325.99,325.99,Paid
33,20251204,41,7408.8,7408.8,Paid
34,20251204,42,296.0,36.83,Partial
35,20251204,43,269.15,109.41,Partial
36,20251204,44,395.06,395.06,Paid
37,20251204,45,431.62,431.62,Paid
38,20251204,46,177.94,177.94,Paid
39,20251204,48,6574.5,1306.91,Partial
40,20251205,49,442.22,442.22,Paid
41,20251205,50,382.16,100.79,Partial
42,20251205,52,451.93,451.93,Paid
43,20251205,54,375.82,375.82,Paid
44,20251205,56,5916.63,1536.81,Partial
45,20251205,57,344.24,344.24,Paid
46,20251205,58,5696.19,5696.19,Paid
47,20251205,59,491.58,200.28,Partial
48,20251205,60,322.4,322.4,Paid
49,20251205,62,390.99,390.99,Paid
50,20251205,63,274.66,274.66,Paid
51,20251206,65,276.0,116.25,Partial
52,20251206,67,441.71,441.71,Paid
53,20251206,69,7216.19,7216.19,Paid
54,20251206,70,323.86,323.86,Paid
55,20251207,73,361.27,361.27,Paid
56,20251207,74,376.21,376.21,Paid
57,20251208,75,514.35,514.35,Paid
58,20251208,76,329.46,329.46,Paid
59,20251208,77,398.02,398.02,Paid
60,20251208,78,353.27,158.78,Partial
61,20251208,79,5617.02,5617.02,Paid
62,20251208,80,6145.19,6145.19,Paid
63,20251208,81,307.57,307.57,Paid
64,20251208,82,294.65,294.65,Paid
65,20251208,83,317.4,317.4,Paid
66,20251209,85,361.11,361.11,Paid
67,20251209,86,167.83,167.83,Paid
68,20251209,87,157.6,157.6,Paid
69,20251209,88,157.24,157.24,Paid
70,20251209,89,512.87,512.87,Paid
71,20251209,90,168.59,168.59,Paid
72,20251209,91,6511.92,510.37,Partial
73,20251209,92,143.83,143.83,Paid
74,20251209,93,245.11,44.6,Partial
75,20251209,94,332.46,332.46,Paid
76,20251209,95,337.36,337.36,Paid
77,20251209,96,270.46,49.83,Partial
78,20251209,98,6453.07,3012.32,Partial
79,20251209,99,403.51,18.25,Partial
80,20251209,100,300.49,300.49,Paid
81,20251210,101,280.49,105.49,Partial
82,20251210,102,440.4,440.4,Paid
83,20251210,103,552.81,552.81,Paid
84,20251210,104,530.33,43.39,Partial
85,20251210,105,264.01,114.43,Partial
86,20251210,106,266.84,266.84,Paid
87,20251210,107,5676.38,5676.38,Paid
88,20251210,108,6208.75,6208.75,Paid
89,20251210,109,247.76,105.27,Partial
90,20251210,110,397.03,146.06,Partial
91,20251210,111,273.62,36.05,Partial
92,20251210,112,5897.82,5897.82,Paid
93,20251211,113,148.96,59.4,Partial
94,20251211,115,315.28,315.28,Paid
95,20251211,116,464.74,104.94,Partial
96,20251211,117,291.05,21.1,Partial
97,20251211,118,6440.65,6440.65,Paid
98,20251211,120,573.1,573.1,Paid
99,20251211,121,335.14,137.61,Partial
100,20251211,122,471.15,471.15,Paid
101,20251211,123,340.61,56.21,Partial
102,20251212,125,255.67,255.67,Paid
103,20251212,126,306.23,50.69,Partial
104,20251212,127,250.97,250.97,Paid
105,20251212,129,361.99,361.99,Paid
106,20251212,130,532.76,532.76,Paid
107,20251212,131,396.68,128.39,Partial
108,20251212,132,151.13,151.13,Paid
109,20251212,133,272.01,272.01,Paid
110,20251212,134,400.35,400.35,Paid
111,20251212,136,389.68,389.68,Paid
112,20251212,137,168.71,77.54,Partial
113,20251213,139,313.63,313.63,Paid
114,20251213,140,404.33,404.33,Paid
115,20251213,143,575.06,575.06,Paid
116,20251213,144,302.14,302.14,Paid
117,20251213,145,6453.85,1675.45,Partial
118,20251214,146,136.98,136.98,Paid
119,20251214,149,388.5,65.96,Partial
120,20251214,150,345.81,5.42,Partial
121,20251215,151,351.34,102.89,Partial
122,20251215,152,311.11,77.73,Partial
123,20251215,154,429.52,429.52,Paid
124,20251215,156,369.8,369.8,Paid
125,20251215,157,471.33,471.33,Paid
126,20251215,158,340.74,340.74,Paid
127,20251215,159,6947.67,6947.67,Paid
128,20251215,160,151.77,151.77,Paid
129,20251215,162,6106.3,2294.13,Partial
130,20251215,163,330.93,330.93,Paid
131,20251215,164,167.08,167.08,Paid
132,20251215,165,341.95,341.95,Paid
133,20251215,166,542.36,264.42,Partial
134,20251215,167,6361.25,6361.25,Paid
135,20251216,168,510.68,510.68,Paid
136,20251216,169,540.14,540.14,Paid
137,20251216,170,6291.42,6291.42,Paid
138,20251216,171,319.74,319.74,Paid
139,20251216,173,306.43,306.43,Paid
140,20251216,175,153.51,153.51,Paid
141,20251216,176,5867.98,948.84,Partial
142,20251217,178,527.23,527.23,Paid
143,20251217,179,445.26,445.26,Paid
144,20251217,180,312.1,43.08,Partial
145,20251217,182,387.28,387.28,Paid
146,20251217,183,6988.13,6988.13,Paid
147,20251217,184,6917.07,6917.07,Paid
148,20251217,185,341.71,85.83,Partial
149,20251217,187,350.88,91.62,Partial
150,20251217,188,401.5,401.5,Paid
151,20251217,189,410.01,410.01,Paid
152,20251217,190,236.33,236.33,Paid
153,20251217,191,572.17,572.17,Paid
154,20251217,192,283.27,283.27,Paid
155,20251218,193,300.67,300.67,Paid
156,20251218,194,491.55,491.55,Paid
157,20251218,195,158.53,28.93,Partial
158,20251218,196,427.2,193.74,Partial
159,20251218,198,499.94,499.94,Paid
160,20251218,199,305.59,28.44,Partial
161,20251218,200,438.04,76.8,Partial
162,20251218,201,7093.54,7093.54,Paid
163,20251218,202,380.33,380.33,Paid
164,20251218,203,332.7,332.7,Paid
165,20251218,204,6670.39,6670.39,Paid
166,20251218,205,442.44,442.44,Paid
167,20251218,206,403.22,5.79,Partial
168,20251218,207,448.91,448.91,Paid
169,20251219,208,445.03,33.4,Partial
170,20251219,209,435.8,435.8,Paid
171,20251219,210,235.35,235.35,Paid
172,20251219,211,548.35,548.35,Paid
173,20251219,212,295.54,295.54,Paid
174,20251219,214,6074.04,6074.04,Paid
175,20251219,215,238.43,238.43,Paid
176,20251219,216,5967.85,1893.84,Partial
177,20251219,217,168.95,168.95,Paid
178,20251219,219,7370.65,2934.41,Partial
179,20251219,220,164.23,164.23,Paid
180,20251220,221,401.23,401.23,Paid
181,20251220,222,161.43,161.43,Paid
182,20251220,223,534.5,266.9,Partial
183,20251220,225,262.82,86.24,Partial
184,20251220,228,324.16,324.16,Paid
185,20251221,229,315.18,315.18,Paid
186,20251221,230,387.42,176.22,Partial
187,20251221,231,398.38,137.35,Partial
188,20251221,232,167.09,167.09,Paid
189,20251221,234,307.52,144.15,Partial
190,20251221,235,140.4,21.03,Partial
191,20251222,236,7353.23,7353.23,Paid
192,20251222,237,348.66,348.66,Paid
193,20251222,238,511.84,182.81,Partial
194,20251222,239,552.79,19.68,Partial
195,20251222,240,403.12,36.23,Partial
196,20251222,241,327.77,327.77,Paid
197,20251222,242,382.86,382.86,Paid
198,20251222,243,556.65,220.64,Partial
199,20251222,244,371.9,371.9,Paid
200,20251222,246,450.96,450.96,Paid
201,20251223,247,572.8,572.8,Paid
202,20251223,248,7375.65,7375.65,Paid
203,20251223,249,511.44,511.44,Paid
204,20251223,250,562.97,562.97,Paid
205,20251223,251,148.17,148.17,Paid
206,20251223,252,447.12,447.12,Paid
207,20251224,256,266.72,65.14,Partial
208,20251224,257,287.5,287.5,Paid
209,20251224,259,139.1,139.1,Paid
210,20251224,260,403.8,403.8,Paid
211,20251224,261,149.98,149.98,Paid
212,20251224,262,299.95,145.52,Partial
213,20251224,264,524.52,72.51,Partial
214,20251224,265,432.83,432.83,Paid
215,20251225,266,561.53,73.55,Partial
216,20251225,268,6517.17,6517.17,Paid
217,20251225,271,279.87,279.87,Paid
218,20251225,272,363.4,363.4,Paid
219,20251225,274,485.26,485.26,Paid
220,20251225,275,154.01,154.01,Paid
221,20251225,276,304.4,304.4,Paid
222,20251225,277,324.36,120.91,Partial
223,20251225,278,357.51,357.51,Paid
224,20251225,279,490.79,160.84,Partial
225,20251225,280,343.27,343.27,Paid
226,20251226,283,353.66,353.66,Paid
227,20251226,284,6005.59,6005.59,Paid
228,20251226,286,469.99,216.28,Partial
229,20251226,287,5866.68,5866.68,Paid
230,20251226,288,7021.1,7021.1,Paid
231,20251226,289,7421.51,7421.51,Paid
232,20251226,290,486.22,486.22,Paid
233,20251226,291,446.89,23.11,Partial
234,20251226,292,367.86,17.76,Partial
235,20251226,293,276.76,276.76,Paid
236,20251227,294,7026.28,7026.28,Paid
237,20251227,295,463.79,463.79,Paid
238,20251227,296,340.67,340.67,Paid
239,20251227,297,6494.54,60.73,Partial
240,20251228,299,407.13,192.03,Partial
241,20251228,300,374.84,73.71,Partial
242,20251229,301,411.9,91.67,Partial
243,20251229,302,6907.66,6907.66,Paid
244,20251229,304,336.55,336.55,Paid
245,20251229,305,244.36,244.36,Paid
246,20251229,306,434.84,434.84,Paid
247,20251229,307,365.37,127.96,Partial
248,20251229,308,571.08,571.08,Paid
249,20251229,309,428.65,72.77,Partial
250,20251229,311,396.34,396.34,Paid
251,20251229,313,447.33,447.33,Paid
252,20251229,314,365.65,365.65,Paid
253,20251229,315,157.04,157.04,Paid
254,20251229,316,313.31,313.31,Paid
255,20251229,317,6318.39,6318.39,Paid
256,20251230,319,315.57,315.57,Paid
257,20251230,321,270.14,270.14,Paid
258,20251230,322,158.63,158.63,Paid
259,20251230,324,5655.93,5655.93,Paid
260,20251230,325,360.93,109.58,Partial
261,20251230,327,440.94,144.11,Partial
262,20251230,328,137.67,137.67,Paid
263,20251230,329,172.12,172.12,Paid
264,20251230,330,312.79,312.79,Paid
265,20251231,332,392.56,392.56,Paid
266,20251231,334,385.21,385.21,Paid
267,20251231,336,261.51,261.51,Paid
268,20251231,337,382.36,382.36,Paid
269,20251231,338,286.66,286.66,Paid
270,20251231,340,309.93,309.93,Paid
271,20251231,342,323.6,323.6,Paid
272,20251231,343,334.24,147.1,Partial
273,20251231,344,462.77,118.04,Partial
274,20251231,345,6406.21,6406.21,Paid
275,20251231,346,287.83,11.48,Partial
276,20260101,348,7146.82,3294.12,Partial
277,20260101,349,327.62,327.62,Paid
278,20260101,350,271.91,271.91,Paid
279,20260101,351,278.59,278.59,Paid
280,20260101,352,530.69,141.63,Partial
281,20260101,353,6181.42,123.39,Partial
282,20260101,354,396.6,396.6,Paid
283,20260101,355,441.11,441.11,Paid
284,20260101,356,258.6,258.6,Paid
285,20260101,357,357.38,357.38,Paid
286,20260101,358,463.57,463.57,Paid
287,20260101,360,291.69,291.69,Paid
288,20260101,361,370.47,144.3,Partial
289,20260101,362,570.52,570.52,Paid
290,20260101,363,172.88,172.88,Paid
291,20260101,364,312.25,312.25,Paid
292,20260101,365,347.94,91.22,Partial
293,20260102,368,169.53,169.53,Paid
294,20260102,371,164.46,164.46,Paid
295,20260102,374,159.16,45.75,Partial
296,20260102,375,6696.79,6696.79,Paid
297,20260102,377,242.8,242.8,Paid
298,20260102,378,477.41,477.41,Paid
299,20260102,379,309.94,10.02,Partial
300,20260102,380,294.02,294.02,Paid
301,20260102,381,322.8,322.8,Paid
302,20260102,382,351.42,351.42,Paid
303,20260102,383,313.21,313.21,Paid
304,20260102,384,137.85,13.01,Partial
305,20260102,385,314.28,73.67,Partial
306,20260102,386,475.17,220.04,Partial
307,20260102,387,243.17,22.68,Partial
308,20260103,389,265.09,265.09,Paid
309,20260103,391,354.27,354.27,Paid
310,20260103,392,7206.32,7206.32,Paid
311,20260104,393,385.35,385.35,Paid
312,20260105,394,403.98,42.16,Partial
313,20260105,395,381.39,145.66,Partial
314,20260105,396,472.69,472.69,Paid
315,20260105,398,535.15,535.15,Paid
316,20260105,399,7045.6,7045.6,Paid
317,20260105,400,481.93,481.93,Paid
318,20260105,401,522.74,217.84,Partial
319,20260105,402,332.17,332.17,Paid
320,20260105,403,507.54,241.81,Partial
321,20260105,404,373.02,45.53,Partial
322,20260105,406,448.51,448.51,Paid
323,20260105,407,169.47,169.47,Paid
324,20260106,410,389.41,389.41,Paid
325,20260106,411,450.01,450.01,Paid
326,20260106,413,279.1,30.68,Partial
327,20260106,414,356.87,356.87,Paid
328,20260106,415,165.12,44.59,Partial
329,20260106,416,318.33,318.33,Paid
330,20260106,417,275.19,275.19,Paid
331,20260106,419,347.16,347.16,Paid
332,20260106,420,173.12,173.12,Paid
333,20260106,421,461.67,461.67,Paid
334,20260106,422,270.76,270.76,Paid
335,20260106,423,145.14,145.14,Paid
336,20260106,424,322.08,322.08,Paid
337,20260106,425,400.16,400.16,Paid
338,20260107,426,167.42,167.42,Paid
339,20260107,427,396.9,396.9,Paid
340,20260107,428,5672.53,5672.53,Paid
341,20260107,429,6431.51,6431.51,Paid
342,20260107,430,173.0,173.0,Paid
343,20260107,431,288.32,288.32,Paid
344,20260107,432,483.13,162.65,Partial
345,20260107,434,297.51,297.51,Paid
346,20260107,436,354.44,44.32,Partial
347,20260107,437,403.97,403.97,Paid
348,20260107,438,443.96,443.96,Paid
349,20260107,439,7299.77,7299.77,Paid
350,20260107,440,341.99,341.99,Paid
351,20260107,441,366.31,366.31,Paid
352,20260107,442,560.56,560.56,Paid
353,20260107,443,162.74,162.74,Paid
354,20260107,444,289.9,289.9,Paid
355,20260107,445,313.22,13.73,Partial
356,20260107,447,164.11,58.48,Partial
357,20260108,448,6080.32,6080.32,Paid
358,20260108,449,243.21,243.21,Paid
359,20260108,450,389.63,2.67,Partial
360,20260108,451,489.01,489.01,Paid
361,20260108,452,443.75,89.28,Partial
362,20260108,453,525.76,525.76,Paid
363,20260108,454,290.82,35.97,Partial
364,20260108,455,458.27,458.27,Paid
365,20260108,456,323.25,323.25,Paid
366,20260108,457,6320.09,6320.09,Paid
367,20260108,458,515.05,515.05,Paid
368,20260108,460,354.05,354.05,Paid
369,20260108,461,174.22,174.22,Paid
370,20260108,462,255.61,255.61,Paid
371,20260108,463,306.46,306.46,Paid
372,20260108,464,288.13,288.13,Paid
373,20260109,466,258.94,79.39,Partial
374,20260109,467,560.0,141.99,Partial
375,20260109,468,7366.86,7366.86,Paid
376,20260109,469,7238.36,7238.36,Paid
377,20260109,470,326.0,326.0,Paid
378,20260109,471,170.08,170.08,Paid
379,20260109,472,565.86,202.09,Partial
380,20260109,474,382.94,0.07,Partial
381,20260109,475,145.46,18.72,Partial
382,20260109,476,177.76,177.76,Paid
383,20260109,477,6442.23,6442.23,Paid
384,20260109,478,380.07,380.07,Paid
385,20260109,480,322.23,322.23,Paid
386,20260109,482,492.35,103.48,Partial
387,20260109,484,302.14,302.14,Paid
388,20260109,485,5975.53,5975.53,Paid
389,20260109,486,257.85,257.85,Paid
390,20260110,488,290.7,92.97,Partial
391,20260110,489,7349.19,7349.19,Paid
392,20260110,490,174.42,174.42,Paid
393,20260110,492,389.62,92.49,Partial
394,20260111,493,249.9,249.9,Paid
395,20260111,494,445.19,445.19,Paid
396,20260111,495,531.81,531.81,Paid
397,20260111,496,152.98,152.98,Paid
398,20260111,498,299.14,299.14,Paid
399,20260111,499,564.38,97.11,Partial
400,20260112,500,316.96,316.96,Paid
401,20260112,501,6603.09,979.32,Partial
402,20260112,502,145.35,145.35,Paid
403,20260112,503,360.85,47.41,Partial
404,20260112,505,6089.86,6089.86,Paid
405,20260112,506,7365.08,2834.71,Partial
406,20260112,507,360.35,360.35,Paid
407,20260112,508,347.1,3.8,Partial
408,20260112,509,337.75,337.75,Paid
409,20260112,510,450.29,450.29,Paid
410,20260112,511,465.98,465.98,Paid
411,20260112,513,7233.95,7233.95,Paid
412,20260112,514,335.3,335.3,Paid
413,20260112,515,5624.17,5624.17,Paid
414,20260112,517,7424.41,7424.41,Paid
415,20260112,520,295.64,295.64,Paid
416,20260112,522,147.37,147.37,Paid
417,20260113,525,288.29,21.9,Partial
418,20260113,526,308.27,308.27,Paid
419,20260113,527,377.08,377.08,Paid
420,20260113,528,7435.95,7435.95,Paid
421,20260113,529,334.08,334.08,Paid
422,20260113,530,491.59,491.59,Paid
423,20260113,531,355.92,114.05,Partial
424,20260113,533,147.58,147.58,Paid
425,20260113,534,459.98,459.98,Paid
426,20260113,535,382.43,146.01,Partial
427,20260113,536,6128.81,6128.81,Paid
428,20260113,538,272.11,272.11,Paid
429,20260113,539,344.42,344.42,Paid
430,20260114,540,377.82,377.82,Paid
431,20260114,541,322.18,322.18,Paid
432,20260114,542,482.17,482.17,Paid
433,20260114,543,479.83,479.83,Paid
434,20260114,544,288.57,288.57,Paid
435,20260114,545,149.68,149.68,Paid
436,20260114,548,567.21,567.21,Paid
437,20260114,552,142.42,142.42,Paid
438,20260114,554,237.76,237.76,Paid
439,20260114,555,305.37,305.37,Paid
440,20260114,556,313.72,313.72,Paid
441,20260114,557,7139.09,2643.91,Partial
442,20260114,558,369.85,24.62,Partial
443,20260114,559,264.56,264.56,Paid
444,20260115,560,361.99,361.99,Paid
445,20260115,561,159.45,35.33,Partial
446,20260115,562,526.42,526.42,Paid
447,20260115,563,6187.25,1224.28,Partial
448,20260115,564,318.23,72.63,Partial
449,20260115,565,5587.82,132.43,Partial
450,20260115,566,6178.23,6178.23,Paid
451,20260115,567,287.09,287.09,Paid
452,20260115,569,279.67,279.67,Paid
453,20260115,572,273.1,124.02,Partial
454,20260115,573,282.21,11.47,Partial
455,20260115,575,6381.56,2966.74,Partial
456,20260115,576,542.68,83.39,Partial
457,20260115,577,313.82,313.82,Paid
458,20260115,578,339.46,339.46,Paid
459,20260115,579,361.14,361.14,Paid
460,20260115,580,338.69,338.69,Paid
461,20260116,582,166.46,166.46,Paid
462,20260116,584,308.57,308.57,Paid
463,20260116,585,374.51,374.51,Paid
464,20260116,586,330.85,330.85,Paid
465,20260116,587,6456.06,6456.06,Paid
466,20260116,588,326.07,126.64,Partial
467,20260116,589,395.88,114.52,Partial
468,20260116,590,165.63,165.63,Paid
469,20260116,593,176.1,176.1,Paid
470,20260116,594,7064.89,416.06,Partial
471,20260116,595,293.49,293.49,Paid
472,20260116,597,571.67,159.43,Partial
473,20260116,598,6020.64,6020.64,Paid
474,20260116,600,136.86,6.78,Partial
475,20260116,601,369.96,26.14,Partial
476,20260116,602,375.1,46.35,Partial
477,20260116,603,508.06,508.06,Paid
478,20260116,604,405.41,1.73,Partial
479,20260116,605,446.28,446.28,Paid
480,20260117,606,6471.64,1842.01,Partial
481,20260117,607,158.25,16.9,Partial
482,20260117,608,284.67,10.91,Partial
483,20260118,609,378.19,378.19,Paid
484,20260118,610,178.11,178.11,Paid
485,20260119,613,274.58,274.58,Paid
486,20260119,614,561.92,561.92,Paid
487,20260119,615,274.44,102.23,Partial
488,20260119,616,353.13,353.13,Paid
489,20260119,617,303.17,303.17,Paid
490,20260119,618,475.63,475.63,Paid
491,20260119,619,435.34,435.34,Paid
492,20260119,620,540.7,9.86,Partial
493,20260119,622,531.0,212.11,Partial
494,20260119,624,484.14,484.14,Paid
495,20260119,625,135.52,135.52,Paid
496,20260119,626,6553.2,2256.97,Partial
497,20260119,627,6179.82,1887.0,Partial
498,20260119,628,387.44,387.44,Paid
499,20260119,629,304.12,304.12,Paid
500,20260119,630,157.09,45.61,Partial
501,20260119,631,432.35,45.32,Partial
502,20260119,632,410.46,410.46,Paid
503,20260119,633,503.03,39.19,Partial
504,20260119,634,310.61,310.61,Paid
505,20260120,635,455.34,455.34,Paid
506,20260120,636,5880.09,5880.09,Paid
507,20260120,637,523.49,523.49,Paid
508,20260120,638,539.33,539.33,Paid
509,20260120,639,262.83,262.83,Paid
510,20260120,640,533.13,533.13,Paid
511,20260120,641,159.54,159.54,Paid
512,20260120,643,299.63,299.63,Paid
513,20260120,645,345.51,155.62,Partial
514,20260120,646,261.15,261.15,Paid
515,20260120,647,6673.63,3109.51,Partial
516,20260120,648,453.6,453.6,Paid
517,20260121,650,249.61,29.66,Partial
518,20260121,651,331.32,331.32,Paid
519,20260121,652,324.97,324.97,Paid
520,20260121,654,321.77,321.77,Paid
521,20260121,656,300.85,16.94,Partial
522,20260121,657,314.32,314.32,Paid
523,20260121,658,264.58,90.52,Partial
524,20260121,659,7191.65,2297.91,Partial
525,20260121,660,160.06,160.06,Paid
526,20260121,661,572.88,572.88,Paid
527,20260121,662,279.37,279.37,Paid
528,20260121,663,291.76,99.92,Partial
529,20260121,664,5791.25,5791.25,Paid
530,20260121,665,405.43,405.43,Paid
531,20260121,666,368.18,368.18,Paid
532,20260121,668,570.18,570.18,Paid
533,20260121,669,375.37,375.37,Paid
534,20260121,670,176.73,176.73,Paid
535,20260122,675,567.78,567.78,Paid
536,20260122,676,324.65,324.65,Paid
537,20260122,677,389.65,78.27,Partial
538,20260122,679,337.25,337.25,Paid
539,20260122,680,350.0,350.0,Paid
540,20260122,682,262.14,18.38,Partial
541,20260122,683,255.49,123.83,Partial
542,20260122,684,272.85,272.85,Paid
543,20260122,686,438.92,438.92,Paid
544,20260122,687,6513.91,1824.2,Partial
545,20260122,688,332.97,162.27,Partial
546,20260122,689,318.02,102.49,Partial
547,20260122,690,330.47,330.47,Paid
548,20260122,691,390.44,390.44,Paid
549,20260122,692,6084.97,1461.92,Partial
550,20260122,693,515.68,515.68,Paid
551,20260123,694,291.48,72.65,Partial
552,20260123,695,150.13,9.58,Partial
553,20260123,696,137.13,137.13,Paid
554,20260123,697,7121.78,7121.78,Paid
555,20260123,699,453.98,11.34,Partial
556,20260123,700,275.22,275.22,Paid
557,20260123,701,396.79,396.79,Paid
558,20260123,702,307.39,307.39,Paid
559,20260123,704,258.12,258.12,Paid
560,20260123,705,370.35,142.86,Partial
561,20260123,707,7004.86,416.75,Partial
562,20260123,708,488.07,488.07,Paid
563,20260123,710,248.95,248.95,Paid
564,20260123,711,6158.54,6158.54,Paid
565,20260123,712,298.62,298.62,Paid
566,20260123,713,328.8,63.24,Partial
567,20260124,714,5808.45,5808.45,Paid
568,20260124,715,382.65,382.65,Paid
569,20260124,716,464.62,34.89,Partial
570,20260124,717,372.45,96.03,Partial
571,20260124,718,329.64,329.64,Paid
572,20260124,719,6290.04,6290.04,Paid
573,20260125,721,406.68,406.68,Paid
574,20260125,722,291.8,291.8,Paid
575,20260125,723,7162.01,7162.01,Paid
576,20260125,725,167.81,167.81,Paid
577,20260125,726,7191.3,1451.13,Partial
578,20260126,727,7178.06,3427.85,Partial
579,20260126,728,459.99,459.99,Paid
580,20260126,729,396.75,396.75,Paid
581,20260126,730,502.28,502.28,Paid
582,20260126,731,391.9,391.9,Paid
583,20260126,732,303.43,303.43,Paid
584,20260126,733,381.65,381.65,Paid
585,20260126,734,306.34,53.51,Partial
586,20260126,735,172.18,172.18,Paid
587,20260126,736,6491.24,2822.58,Partial
588,20260126,737,285.79,285.79,Paid
589,20260126,739,303.41,60.0,Partial
590,20260126,740,323.17,19.28,Partial
591,20260126,741,524.7,185.82,Partial
592,20260126,742,6811.33,2724.32,Partial
593,20260126,745,174.18,174.18,Paid
594,20260126,746,468.37,468.37,Paid
595,20260126,747,6628.86,6628.86,Paid
596,20260126,748,345.25,345.25,Paid
597,20260126,749,491.96,128.78,Partial
598,20260126,750,288.58,288.58,Paid
599,20260126,751,463.51,463.51,Paid
600,20260126,752,170.93,170.93,Paid
601,20260127,753,307.27,93.88,Partial
602,20260127,754,461.82,461.82,Paid
603,20260127,757,561.69,561.69,Paid
604,20260127,758,320.96,320.96,Paid
605,20260127,759,338.67,338.67,Paid
606,20260127,760,558.91,153.2,Partial
607,20260127,761,292.83,292.83,Paid
608,20260127,762,394.47,394.47,Paid
609,20260127,763,6687.59,6687.59,Paid
610,20260127,764,261.61,47.24,Partial
611,20260127,765,139.12,20.51,Partial
612,20260127,766,335.93,63.01,Partial
613,20260127,768,5868.17,5868.17,Paid
614,20260127,769,360.66,360.66,Paid
615,20260127,770,469.08,63.33,Partial
616,20260127,771,6307.88,1569.14,Partial
617,20260128,772,390.32,75.08,Partial
618,20260128,773,7342.35,2342.02,Partial
619,20260128,774,359.97,359.97,Paid
620,20260128,775,237.31,237.31,Paid
621,20260128,776,475.51,475.51,Paid
622,20260128,777,360.1,360.1,Paid
623,20260128,778,252.03,105.81,Partial
624,20260128,779,432.06,432.06,Paid
625,20260128,780,502.79,502.79,Paid
626,20260128,781,247.43,247.43,Paid
627,20260128,782,7329.33,7329.33,Paid
628,20260128,783,397.92,397.92,Paid
629,20260128,784,236.46,98.85,Partial
630,20260128,785,500.44,500.44,Paid
631,20260128,786,295.26,295.26,Paid
632,20260128,787,361.45,82.37,Partial
633,20260128,788,262.29,46.14,Partial
634,20260128,789,336.45,336.45,Paid
635,20260128,790,5696.39,1519.68,Partial
636,20260129,792,540.55,540.55,Paid
637,20260129,793,349.37,349.37,Paid
638,20260129,794,330.64,330.64,Paid
639,20260129,796,308.52,308.52,Paid
640,20260129,797,291.26,291.26,Paid
641,20260129,798,516.13,516.13,Paid
642,20260129,799,6520.4,6520.4,Paid
643,20260129,801,154.1,154.1,Paid
644,20260129,802,144.35,144.35,Paid
645,20260129,803,359.25,359.25,Paid
646,20260129,804,327.81,327.81,Paid
647,20260129,805,373.16,373.16,Paid
648,20260129,806,317.96,79.23,Partial
649,20260129,807,6812.77,6812.77,Paid
650,20260129,809,362.96,362.96,Paid
651,20260129,810,389.82,149.22,Partial
652,20260129,812,250.04,96.0,Partial
653,20260129,814,293.83,112.1,Partial
654,20260130,815,364.03,364.03,Paid
655,20260130,817,345.42,345.42,Paid
656,20260130,818,278.59,66.15,Partial
657,20260130,819,473.76,133.07,Partial
658,20260130,820,6150.13,1698.64,Partial
659,20260130,821,137.8,137.8,Paid
660,20260130,822,240.34,240.34,Paid
661,20260130,823,340.67,340.67,Paid
662,20260130,824,534.77,534.77,Paid
663,20260130,825,7251.7,7251.7,Paid
664,20260130,827,546.17,546.17,Paid
665,20260130,828,331.85,331.85,Paid
666,20260130,830,399.14,399.14,Paid
667,20260130,831,469.63,469.63,Paid
668,20260130,832,7213.34,7213.34,Paid
669,20260130,833,569.29,232.38,Partial
670,20260130,834,470.71,470.71,Paid
671,20260131,836,257.41,45.39,Partial
672,20260131,837,239.84,22.33,Partial
673,20260131,838,319.97,319.97,Paid
674,20260131,839,327.42,327.42,Paid
675,20260131,840,352.75,352.75,Paid
676,20260131,841,7360.04,7360.04,Paid
677,20260131,843,6667.14,6667.14,Paid
678,20260201,845,331.62,65.35,Partial
679,20260201,846,490.97,490.97,Paid
680,20260201,847,308.43,109.56,Partial
681,20260202,848,507.96,507.96,Paid
682,20260202,849,422.91,87.18,Partial
683,20260202,850,484.09,92.26,Partial
684,20260202,851,326.63,326.63,Paid
685,20260202,852,6412.37,6412.37,Paid
686,20260202,853,147.57,35.2,Partial
687,20260202,855,546.64,38.66,Partial
688,20260202,858,146.98,31.17,Partial
689,20260202,860,7311.36,492.6,Partial
690,20260202,861,251.68,15.25,Partial
691,20260202,862,243.69,38.16,Partial
692,20260202,863,540.03,160.55,Partial
693,20260202,865,573.48,10.01,Partial
694,20260202,866,152.41,152.41,Paid
695,20260203,867,361.11,361.11,Paid
696,20260203,868,293.01,293.01,Paid
697,20260203,869,305.98,8.06,Partial
698,20260203,870,359.49,359.49,Paid
699,20260203,871,150.02,61.3,Partial
700,20260203,872,388.72,388.72,Paid
701,20260203,873,312.37,125.14,Partial
702,20260203,875,300.8,115.65,Partial
703,20260203,876,528.33,528.33,Paid
704,20260203,877,5876.95,5876.95,Paid
705,20260203,878,294.37,43.65,Partial
706,20260203,879,138.53,138.53,Paid
707,20260203,880,437.16,437.16,Paid
708,20260203,881,152.75,6.93,Partial
709,20260203,882,433.36,136.1,Partial
710,20260203,883,6825.65,6825.65,Paid
711,20260203,884,6052.9,6052.9,Paid
712,20260203,885,348.06,348.06,Paid
713,20260203,886,143.69,26.68,Partial
714,20260203,887,6859.22,1457.67,Partial
715,20260203,889,321.73,321.73,Paid
716,20260203,890,316.28,316.28,Paid
717,20260204,891,338.04,338.04,Paid
718,20260204,892,371.59,371.59,Paid
719,20260204,893,154.51,154.51,Paid
720,20260204,895,317.16,122.97,Partial
721,20260204,896,356.28,356.28,Paid
722,20260204,897,405.64,405.64,Paid
723,20260204,900,489.21,489.21,Paid
724,20260204,901,6355.65,3115.81,Partial
725,20260204,902,143.86,143.86,Paid
726,20260204,904,366.92,366.92,Paid
727,20260204,905,455.76,455.76,Paid
728,20260204,906,462.02,462.02,Paid
729,20260204,907,174.33,174.33,Paid
730,20260204,908,164.94,71.8,Partial
731,20260204,910,296.92,296.92,Paid
732,20260204,911,164.18,164.18,Paid
733,20260204,912,330.58,104.84,Partial
734,20260204,913,366.27,366.27,Paid
735,20260204,914,147.04,147.04,Paid
736,20260204,915,458.45,458.45,Paid
737,20260205,916,6948.3,1850.02,Partial
738,20260205,917,476.46,476.46,Paid
739,20260205,918,557.28,557.28,Paid
740,20260205,919,369.28,369.28,Paid
741,20260205,920,298.22,22.5,Partial
742,20260205,921,5735.63,5735.63,Paid
743,20260205,922,310.84,310.84,Paid
744,20260205,923,5858.59,5858.59,Paid
745,20260205,924,6960.98,6960.98,Paid
746,20260205,925,6397.34,6397.34,Paid
747,20260205,926,403.27,55.56,Partial
748,20260205,927,313.92,313.92,Paid
749,20260205,928,357.05,15.41,Partial
750,20260205,930,258.87,101.91,Partial
751,20260205,932,150.23,150.23,Paid
752,20260205,934,412.93,412.93,Paid
753,20260206,935,145.51,145.51,Paid
754,20260206,936,139.53,20.38,Partial
755,20260206,937,519.98,519.98,Paid
756,20260206,938,7154.42,7154.42,Paid
757,20260206,940,380.2,91.07,Partial
758,20260206,941,306.15,306.15,Paid
759,20260206,942,405.0,5.45,Partial
760,20260206,944,310.28,310.28,Paid
761,20260206,946,472.91,219.11,Partial
762,20260206,947,403.11,403.11,Paid
763,20260206,949,6184.45,2967.83,Partial
764,20260206,950,384.68,384.68,Paid
765,20260206,952,241.99,107.59,Partial
766,20260206,953,323.38,323.38,Paid
767,20260206,955,381.88,85.42,Partial
768,20260206,956,291.27,291.27,Paid
769,20260207,957,484.9,170.83,Partial
770,20260207,958,446.95,208.01,Partial
771,20260207,959,326.95,72.68,Partial
772,20260207,960,556.21,28.73,Partial
773,20260207,961,436.33,90.01,Partial
774,20260208,962,343.42,343.42,Paid
775,20260208,963,358.8,70.67,Partial
776,20260209,964,311.87,19.98,Partial
777,20260209,966,479.27,479.27,Paid
778,20260209,967,463.23,463.23,Paid
779,20260209,968,322.51,322.51,Paid
780,20260209,969,269.9,103.0,Partial
781,20260209,970,269.69,269.69,Paid
782,20260209,971,174.72,174.72,Paid
783,20260209,972,6384.83,6384.83,Paid
784,20260209,973,450.86,77.6,Partial
785,20260209,975,519.24,519.24,Paid
786,20260209,976,300.68,132.27,Partial
787,20260209,979,381.46,93.57,Partial
788,20260209,980,5741.5,5741.5,Paid
789,20260209,981,177.23,19.18,Partial
790,20260209,982,405.47,114.77,Partial
791,20260210,983,349.49,124.94,Partial
792,20260210,984,147.31,147.31,Paid
793,20260210,985,403.95,403.95,Paid
794,20260210,986,389.49,62.6,Partial
795,20260210,987,5647.61,2789.43,Partial
796,20260210,988,162.51,162.51,Paid
797,20260210,990,393.4,393.4,Paid
798,20260210,991,134.64,134.64,Paid
799,20260210,992,384.83,384.83,Paid
800,20260210,993,178.56,178.56,Paid
801,20260210,995,476.39,476.39,Paid
802,20260210,996,514.32,514.32,Paid
803,20260210,997,386.28,386.28,Paid
804,20260210,998,307.72,307.72,Paid
805,20260210,999,407.02,92.1,Partial
806,20260210,1000,173.65,5.23,Partial
807,20260210,1001,164.9,8.07,Partial
808,20260210,1002,137.27,137.27,Paid
809,20260211,1003,236.2,236.2,Paid
810,20260211,1004,318.07,318.07,Paid
811,20260211,1005,396.41,396.41,Paid
812,20260211,1006,465.93,465.93,Paid
813,20260211,1007,167.9,21.18,Partial
814,20260211,1008,371.48,371.48,Paid
815,20260211,1009,6646.08,2001.38,Partial
816,20260211,1010,281.1,281.1,Paid
817,20260211,1011,270.68,85.55,Partial
818,20260211,1013,268.43,111.23,Partial
819,20260211,1014,438.59,438.59,Paid
820,20260211,1015,448.11,448.11,Paid
821,20260211,1016,420.6,420.6,Paid
822,20260211,1017,370.09,117.61,Partial
823,20260211,1018,347.55,347.55,Paid
824,20260212,1019,5904.6,2458.44,Partial
825,20260212,1020,479.3,479.3,Paid
826,20260212,1021,447.32,447.32,Paid
827,20260212,1022,151.3,151.3,Paid
828,20260212,1023,503.36,503.36,Paid
829,20260212,1024,308.05,308.05,Paid
830,20260212,1025,5825.17,1855.32,Partial
831,20260212,1026,474.99,161.38,Partial
832,20260212,1027,427.62,427.62,Paid
833,20260212,1028,483.19,483.19,Paid
834,20260212,1031,146.85,146.85,Paid
835,20260212,1032,434.14,434.14,Paid
836,20260212,1033,378.79,378.79,Paid
837,20260212,1035,464.68,464.68,Paid
838,20260212,1036,307.71,307.71,Paid
839,20260213,1037,319.0,20.0,Partial
840,20260213,1039,138.88,138.88,Paid
841,20260213,1040,6817.39,288.04,Partial
842,20260213,1041,153.64,153.64,Paid
843,20260213,1042,358.57,358.57,Paid
844,20260213,1043,399.48,399.48,Paid
845,20260213,1044,168.54,168.54,Paid
846,20260213,1045,403.12,403.12,Paid
847,20260213,1046,302.83,44.06,Partial
848,20260213,1047,7332.11,7332.11,Paid
849,20260213,1048,322.63,322.63,Paid
850,20260213,1049,344.75,344.75,Paid
851,20260213,1050,515.1,220.61,Partial
852,20260213,1051,526.61,526.61,Paid
853,20260213,1052,163.65,163.65,Paid
854,20260214,1053,298.3,298.3,Paid
855,20260214,1054,309.31,131.28,Partial
856,20260214,1055,134.69,134.69,Paid
857,20260215,1056,503.88,49.89,Partial
858,20260215,1057,272.44,63.17,Partial
859,20260215,1058,484.58,484.58,Paid
860,20260216,1061,320.63,147.62,Partial
861,20260216,1062,248.86,248.86,Paid
862,20260216,1064,464.4,464.4,Paid
863,20260216,1065,6675.0,6675.0,Paid
864,20260216,1067,283.83,283.83,Paid
865,20260216,1069,296.21,52.37,Partial
866,20260216,1070,501.19,122.05,Partial
867,20260216,1071,334.05,334.05,Paid
868,20260216,1072,143.21,63.66,Partial
869,20260216,1073,6639.15,6639.15,Paid
870,20260216,1074,455.94,455.94,Paid
871,20260216,1075,158.94,158.94,Paid
872,20260216,1076,360.39,159.25,Partial
873,20260216,1077,478.99,478.99,Paid
874,20260216,1079,157.16,70.55,Partial
875,20260216,1080,357.24,357.24,Paid
876,20260217,1083,274.91,274.91,Paid
877,20260217,1084,248.37,248.37,Paid
878,20260217,1086,6878.51,6878.51,Paid
879,20260217,1087,156.37,54.73,Partial
880,20260217,1088,463.82,463.82,Paid
881,20260217,1089,556.72,103.03,Partial
882,20260217,1090,340.58,340.58,Paid
883,20260217,1093,255.02,84.74,Partial
884,20260217,1094,471.2,471.2,Paid
885,20260217,1095,143.02,143.02,Paid
886,20260217,1096,277.45,277.45,Paid
887,20260218,1097,375.8,375.8,Paid
888,20260218,1098,6354.21,6354.21,Paid
889,20260218,1099,144.98,26.19,Partial
890,20260218,1100,294.02,294.02,Paid
891,20260218,1101,448.19,13.66,Partial
892,20260218,1102,260.8,260.8,Paid
893,20260218,1103,400.77,400.77,Paid
894,20260218,1104,303.27,120.99,Partial
895,20260218,1106,293.87,293.87,Paid
896,20260218,1108,357.45,157.58,Partial
897,20260218,1109,423.74,200.45,Partial
898,20260218,1110,353.02,353.02,Paid
899,20260218,1111,166.45,166.45,Paid
900,20260218,1113,537.04,537.04,Paid
901,20260218,1114,302.69,302.69,Paid
902,20260218,1115,136.92,136.92,Paid
903,20260219,1117,253.98,253.98,Paid
904,20260219,1119,251.38,61.94,Partial
905,20260219,1120,6088.29,6088.29,Paid
906,20260219,1121,461.39,461.39,Paid
907,20260219,1122,237.08,44.84,Partial
908,20260219,1124,7414.86,7414.86,Paid
909,20260219,1125,238.14,238.14,Paid
910,20260219,1126,5907.36,5907.36,Paid
911,20260219,1127,490.83,490.83,Paid
912,20260219,1129,264.87,264.87,Paid
913,20260219,1130,351.74,351.74,Paid
914,20260220,1131,481.96,481.96,Paid
915,20260220,1132,251.29,82.64,Partial
916,20260220,1133,6046.9,6046.9,Paid
917,20260220,1134,310.08,106.16,Partial
918,20260220,1135,6414.4,955.1,Partial
919,20260220,1136,245.74,77.8,Partial
920,20260220,1137,259.6,259.6,Paid
921,20260220,1138,464.22,116.23,Partial
922,20260220,1139,382.76,382.76,Paid
923,20260220,1141,320.05,320.05,Paid
924,20260220,1143,153.66,15.35,Partial
925,20260220,1144,461.79,192.37,Partial
926,20260220,1145,137.63,137.63,Paid
927,20260220,1146,315.75,315.75,Paid
928,20260220,1147,479.54,10.48,Partial
929,20260220,1148,545.74,545.74,Paid
930,20260220,1149,169.92,46.26,Partial
931,20260220,1150,450.72,450.72,Paid
932,20260220,1151,465.96,83.03,Partial
933,20260221,1152,455.59,51.69,Partial
934,20260221,1153,489.67,489.67,Paid
935,20260222,1154,254.56,254.56,Paid
936,20260222,1155,401.89,165.51,Partial
937,20260222,1156,349.94,172.25,Partial
938,20260222,1157,5637.47,5637.47,Paid
939,20260222,1158,543.95,63.74,Partial
940,20260222,1159,383.65,383.65,Paid
941,20260222,1160,536.67,536.67,Paid
942,20260223,1161,318.2,318.2,Paid
943,20260223,1163,6757.32,1856.93,Partial
944,20260223,1166,153.85,153.85,Paid
945,20260223,1167,376.28,376.28,Paid
946,20260223,1168,6906.35,921.33,Partial
947,20260223,1169,386.57,386.57,Paid
948,20260223,1170,343.66,343.66,Paid
949,20260223,1171,465.62,133.48,Partial
950,20260223,1172,343.99,123.01,Partial
951,20260223,1173,378.75,378.75,Paid
952,20260223,1174,7217.29,7217.29,Paid
953,20260223,1175,352.22,352.22,Paid
954,20260223,1176,336.0,336.0,Paid
955,20260223,1177,373.89,373.89,Paid
956,20260223,1178,7122.44,7122.44,Paid
957,20260223,1179,369.96,369.96,Paid
958,20260223,1180,421.09,12.42,Partial
959,20260223,1181,171.95,171.95,Paid
960,20260224,1182,144.6,144.6,Paid
961,20260224,1183,236.61,236.61,Paid
962,20260224,1184,500.18,0.69,Partial
963,20260224,1185,355.05,355.05,Paid
964,20260224,1186,6025.51,2197.77,Partial
965,20260224,1187,482.92,482.92,Paid
966,20260224,1189,568.0,568.0,Paid
967,20260224,1192,330.03,93.92,Partial
968,20260224,1193,154.86,154.86,Paid
969,20260224,1194,316.76,316.76,Paid
970,20260224,1195,561.86,207.5,Partial
971,20260224,1197,403.55,35.55,Partial
972,20260224,1198,260.33,260.33,Paid
973,20260224,1199,399.68,104.03,Partial
974,20260224,1200,399.79,114.11,Partial
975,20260225,1201,7036.14,7036.14,Paid
976,20260225,1202,7135.74,550.74,Partial
977,20260225,1203,367.3,127.43,Partial
978,20260225,1204,343.97,343.97,Paid
979,20260225,1205,351.52,351.52,Paid
980,20260225,1206,569.96,569.96,Paid
981,20260225,1207,343.28,343.28,Paid
982,20260225,1208,237.67,61.7,Partial
983,20260225,1209,563.49,563.49,Paid
984,20260225,1210,307.03,307.03,Paid
985,20260225,1211,464.04,116.91,Partial
986,20260225,1212,6136.0,6136.0,Paid
987,20260225,1214,6604.48,6604.48,Paid
988,20260225,1215,550.75,550.75,Paid
989,20260225,1216,7403.99,7403.99,Paid
990,20260225,1217,157.6,157.6,Paid
991,20260226,1220,356.2,356.2,Paid
992,20260226,1221,295.43,35.54,Partial
993,20260226,1222,292.2,32.13,Partial
994,20260226,1223,266.26,266.26,Paid
995,20260226,1224,5853.07,2554.16,Partial
996,20260226,1227,6823.34,6823.34,Paid
997,20260226,1228,464.26,464.26,Paid
998,20260226,1229,5949.59,5949.59,Paid
999,20260226,1230,5641.26,1271.34,Partial
1000,20260226,1231,241.19,241.19,Paid
1001,20260226,1233,367.97,2.76,Partial
1002,20260226,1234,236.92,236.92,Paid
1003,20260226,1235,551.03,248.47,Partial
1004,20260226,1236,6231.39,334.1,Partial
1005,20260226,1237,248.33,248.33,Paid
1006,20260226,1238,6352.9,6352.9,Paid
1007,20260227,1239,450.86,450.86,Paid
1008,20260227,1240,7336.8,2311.92,Partial
1009,20260227,1241,277.23,277.23,Paid
1010,20260227,1242,262.04,262.04,Paid
1011,20260227,1243,140.54,18.45,Partial
1012,20260227,1244,311.05,311.05,Paid
1013,20260227,1245,347.1,347.1,Paid
1014,20260227,1246,375.23,375.23,Paid
1015,20260227,1247,257.3,39.51,Partial
1016,20260227,1248,462.36,462.36,Paid
1017,20260227,1251,5993.64,5993.64,Paid
1018,20260227,1252,7047.25,2759.21,Partial
1019,20260227,1253,313.43,313.43,Paid
1020,20260227,1254,322.82,322.82,Paid
1021,20260227,1255,483.12,483.12,Paid
1022,20260227,1257,562.05,562.05,Paid
1023,20260227,1258,7015.58,7015.58,Paid
1024,20260227,1259,292.41,292.41,Paid
1025,20260228,1262,5689.05,5689.05,Paid
1026,20260228,1264,5596.09,5596.09,Paid
1027,20260228,1265,288.85,20.12,Partial
1028,20260301,1267,379.67,379.67,Paid
1029,20260302,1269,289.16,289.16,Paid
1030,20260302,1270,465.15,465.15,Paid
1031,20260302,1271,266.27,266.27,Paid
1032,20260302,1272,240.14,240.14,Paid
1033,20260302,1273,247.9,247.9,Paid
1034,20260302,1274,6594.43,6594.43,Paid
1035,20260302,1275,449.89,138.07,Partial
1036,20260302,1276,5989.27,5989.27,Paid
1037,20260303,1278,553.48,553.48,Paid
1038,20260303,1281,335.7,335.7,Paid
1039,20260303,1282,286.08,286.08,Paid
1040,20260303,1284,148.87,148.87,Paid
1041,20260303,1285,451.01,37.82,Partial
1042,20260303,1287,467.93,467.93,Paid
1043,20260303,1289,564.08,564.08,Paid
1044,20260303,1290,322.52,322.52,Paid
1045,20260304,1291,5929.84,5929.84,Paid
1046,20260304,1292,175.65,175.65,Paid
1047,20260304,1293,336.98,32.15,Partial
1048,20260304,1295,6570.55,98.32,Partial
1049,20260304,1296,379.05,379.05,Paid
1050,20260304,1297,350.27,136.46,Partial
1051,20260304,1298,157.89,157.89,Paid
1052,20260304,1299,6069.98,1962.82,Partial
1053,20260304,1300,452.89,452.89,Paid
1054,20260304,1301,317.7,317.7,Paid
1055,20260304,1302,466.28,86.33,Partial
1056,20260304,1303,399.65,399.65,Paid
1057,20260304,1304,308.22,308.22,Paid
1058,20260304,1305,164.95,164.95,Paid
1059,20260304,1306,351.21,351.21,Paid
1060,20260305,1307,287.17,287.17,Paid
1061,20260305,1308,301.69,301.69,Paid
1062,20260305,1309,142.97,142.97,Paid
1063,20260305,1310,314.98,314.98,Paid
1064,20260305,1311,5962.85,5962.85,Paid
1065,20260305,1312,310.89,310.89,Paid
1066,20260305,1313,156.6,6.09,Partial
1067,20260305,1315,368.67,368.67,Paid
1068,20260305,1316,331.63,331.63,Paid
1069,20260305,1317,402.39,402.39,Paid
1070,20260305,1318,449.12,449.12,Paid
1071,20260305,1319,459.26,208.99,Partial
1072,20260306,1320,426.49,426.49,Paid
1073,20260306,1324,6047.09,784.48,Partial
1074,20260306,1325,6918.09,6918.09,Paid
1075,20260306,1326,274.68,53.89,Partial
1076,20260306,1327,369.75,369.75,Paid
1077,20260306,1328,382.67,99.64,Partial
1078,20260306,1329,402.7,402.7,Paid
1079,20260306,1330,539.18,539.18,Paid
1080,20260306,1331,503.61,3.12,Partial
1081,20260306,1332,5935.26,5935.26,Paid
1082,20260306,1333,316.98,316.98,Paid
1083,20260306,1334,401.2,68.65,Partial
1084,20260306,1335,299.97,299.97,Paid
1085,20260306,1336,165.29,25.37,Partial
1086,20260307,1338,330.82,330.82,Paid
1087,20260307,1339,7032.78,7032.78,Paid
1088,20260307,1340,360.36,360.36,Paid
1089,20260308,1341,5913.74,5913.74,Paid
1090,20260308,1342,247.05,247.05,Paid
1091,20260308,1343,144.67,144.67,Paid
1092,20260308,1344,439.27,84.93,Partial
1093,20260308,1345,337.25,337.25,Paid
1094,20260308,1346,296.89,296.89,Paid
1095,20260309,1347,311.36,311.36,Paid
1096,20260309,1348,6478.97,6478.97,Paid
1097,20260309,1349,410.67,410.67,Paid
1098,20260309,1350,172.51,172.51,Paid
1099,20260309,1351,272.71,272.71,Paid
1100,20260309,1353,326.65,154.17,Partial
1101,20260309,1354,155.49,155.49,Paid
1102,20260309,1356,239.28,239.28,Paid
1103,20260309,1357,161.39,161.39,Paid
1104,20260309,1358,147.42,147.42,Paid
1105,20260310,1359,175.46,11.26,Partial
1106,20260310,1361,443.34,443.34,Paid
1107,20260310,1362,157.3,25.17,Partial
1108,20260310,1363,151.98,151.98,Paid
1109,20260310,1364,337.33,337.33,Paid
1110,20260310,1365,6942.84,6942.84,Paid
1111,20260310,1366,7240.75,748.7,Partial
1112,20260310,1369,372.25,372.25,Paid
1113,20260310,1370,5765.4,5765.4,Paid
1114,20260310,1371,166.48,166.48,Paid
1115,20260310,1372,461.09,194.1,Partial
1116,20260311,1374,6848.02,6848.02,Paid
1117,20260311,1375,175.54,175.54,Paid
1118,20260311,1376,333.12,333.12,Paid
1119,20260311,1377,425.59,425.59,Paid
1120,20260311,1379,150.69,150.69,Paid
1121,20260311,1380,528.88,528.88,Paid
1122,20260311,1381,170.65,170.65,Paid
1123,20260311,1382,299.43,64.29,Partial
1124,20260311,1383,142.46,142.46,Paid
1125,20260311,1384,434.82,434.82,Paid
1126,20260311,1385,147.43,147.43,Paid
1127,20260312,1388,170.38,15.93,Partial
1128,20260312,1389,365.13,365.13,Paid
1129,20260312,1390,531.7,531.7,Paid
1130,20260312,1391,443.9,443.9,Paid
1131,20260312,1392,434.0,434.0,Paid
1132,20260312,1394,5673.03,2505.51,Partial
1133,20260312,1396,141.91,47.44,Partial
1134,20260312,1397,344.33,344.33,Paid
1135,20260312,1398,392.64,392.64,Paid
1136,20260312,1399,164.39,19.15,Partial
1137,20260313,1400,524.08,524.08,Paid
1138,20260313,1401,178.47,178.47,Paid
1139,20260313,1404,347.52,347.52,Paid
1140,20260313,1405,288.19,288.19,Paid
1141,20260313,1407,146.83,54.34,Partial
1142,20260313,1408,320.86,320.86,Paid
1143,20260313,1410,477.28,477.28,Paid
1144,20260313,1411,140.46,140.46,Paid
1145,20260313,1412,372.87,372.87,Paid
1146,20260314,1413,237.88,66.42,Partial
1147,20260314,1414,148.65,4.12,Partial
1148,20260314,1415,308.77,308.77,Paid
1149,20260315,1416,551.91,175.47,Partial
1150,20260315,1417,301.95,301.95,Paid
1151,20260315,1418,549.34,549.34,Paid
1152,20260316,1420,7149.05,7149.05,Paid
1153,20260316,1421,327.55,55.67,Partial
1154,20260316,1424,270.35,270.35,Paid
1155,20260316,1425,7207.3,776.29,Partial
1156,20260316,1426,332.88,332.88,Paid
1157,20260316,1427,156.24,64.2,Partial
1158,20260316,1428,418.4,418.4,Paid
1159,20260316,1429,416.84,34.08,Partial
1160,20260316,1430,6460.03,1902.8,Partial
1161,20260316,1432,572.11,53.15,Partial
1162,20260316,1433,6792.42,2254.59,Partial
1163,20260316,1434,364.16,88.3,Partial
1164,20260317,1435,311.93,311.93,Paid
1165,20260317,1436,319.43,319.43,Paid
1166,20260317,1438,519.53,519.53,Paid
1167,20260317,1439,257.35,257.35,Paid
1168,20260317,1440,482.44,482.44,Paid
1169,20260317,1441,289.22,123.03,Partial
1170,20260317,1443,177.92,177.92,Paid
1171,20260317,1444,408.6,408.6,Paid
1172,20260317,1446,559.57,192.58,Partial
1173,20260317,1447,290.56,290.56,Paid
1174,20260317,1448,261.04,261.04,Paid
1175,20260317,1449,361.66,69.74,Partial
1176,20260318,1450,313.53,313.53,Paid
1177,20260318,1452,460.62,460.62,Paid
1178,20260318,1453,452.8,52.2,Partial
1179,20260318,1454,162.78,61.47,Partial
1180,20260318,1455,279.59,279.59,Paid
1181,20260318,1456,286.77,286.77,Paid
1182,20260318,1457,278.18,278.18,Paid
1183,20260318,1458,380.35,132.67,Partial
1184,20260318,1459,502.34,502.34,Paid
1185,20260318,1460,411.55,149.65,Partial
1186,20260318,1461,6903.76,6903.76,Paid
1187,20260318,1462,392.09,392.09,Paid
1188,20260318,1463,276.77,276.77,Paid
1189,20260318,1464,317.42,317.42,Paid
1190,20260318,1465,260.49,260.49,Paid
1191,20260319,1468,328.38,328.38,Paid
1192,20260319,1469,5886.49,5886.49,Paid
1193,20260319,1470,442.55,442.55,Paid
1194,20260319,1471,356.81,356.81,Paid
1195,20260319,1472,300.58,73.95,Partial
1196,20260319,1473,161.26,161.26,Paid
1197,20260319,1474,471.29,51.39,Partial
1198,20260319,1475,289.79,57.08,Partial
1199,20260319,1476,364.78,364.78,Paid
1200,20260319,1477,156.49,156.49,Paid
1201,20260319,1478,376.64,376.64,Paid
1202,20260320,1479,154.32,9.91,Partial
1203,20260320,1480,567.37,567.37,Paid
1204,20260320,1481,252.06,96.23,Partial
1205,20260320,1483,391.79,391.79,Paid
1206,20260320,1485,289.57,289.57,Paid
1207,20260320,1486,314.75,314.75,Paid
1208,20260320,1489,293.42,5.02,Partial
1209,20260320,1490,257.92,257.92,Paid
1210,20260320,1491,470.81,470.81,Paid
1211,20260320,1492,562.38,562.38,Paid
1212,20260320,1493,454.26,454.26,Paid
1213,20260320,1494,346.47,346.47,Paid
1214,20260321,1495,6539.88,2383.27,Partial
1215,20260321,1497,303.71,134.17,Partial
1216,20260321,1498,341.61,341.61,Paid
1217,20260321,1499,272.53,272.53,Paid
1218,20260321,1500,327.06,34.47,Partial
1219,20260322,1501,312.36,312.36,Paid
1220,20260322,1502,370.62,370.62,Paid
1221,20260322,1503,446.35,65.39,Partial
1222,20260322,1504,242.24,242.24,Paid
1223,20260322,1505,310.61,310.61,Paid
1224,20260323,1507,395.51,176.05,Partial
1225,20260323,1508,342.29,342.29,Paid
1226,20260323,1509,448.21,448.21,Paid
1227,20260323,1510,248.47,248.47,Paid
1228,20260323,1511,135.88,33.94,Partial
1229,20260323,1512,297.67,297.67,Paid
1230,20260323,1513,317.24,59.09,Partial
1231,20260323,1514,7426.26,7426.26,Paid
1232,20260323,1515,326.27,326.27,Paid
1233,20260324,1516,396.19,396.19,Paid
1234,20260324,1517,352.27,352.27,Paid
1235,20260324,1518,6230.32,6230.32,Paid
1236,20260324,1519,304.44,304.44,Paid
1237,20260324,1520,336.26,336.26,Paid
1238,20260324,1522,565.38,58.72,Partial
1239,20260324,1523,254.65,254.65,Paid
1240,20260324,1525,373.13,373.13,Paid
1241,20260324,1526,425.14,425.14,Paid
1242,20260324,1527,486.84,486.84,Paid
1243,20260324,1528,151.54,151.54,Paid
1244,20260324,1529,6280.29,602.18,Partial
1245,20260325,1530,258.14,258.14,Paid
1246,20260325,1532,476.64,476.64,Paid
1247,20260325,1533,263.38,263.38,Paid
1248,20260325,1535,465.92,465.92,Paid
1249,20260325,1536,379.34,120.77,Partial
1250,20260325,1537,309.74,309.74,Paid
1251,20260325,1538,6246.71,6246.71,Paid
1252,20260325,1539,330.77,330.77,Paid
1253,20260325,1541,461.41,461.41,Paid
1254,20260325,1542,319.44,319.44,Paid
1255,20260325,1545,177.2,66.62,Partial
1256,20260325,1547,413.66,413.66,Paid
1257,20260325,1548,346.09,156.57,Partial
1258,20260325,1549,450.86,450.86,Paid
1259,20260326,1550,385.37,385.37,Paid
1260,20260326,1551,535.8,194.88,Partial
1261,20260326,1552,563.76,184.01,Partial
1262,20260326,1553,149.39,149.39,Paid
1263,20260326,1554,377.41,377.41,Paid
1264,20260326,1556,299.18,299.18,Paid
1265,20260326,1557,529.46,529.46,Paid
1266,20260326,1558,6225.41,6225.41,Paid
1267,20260326,1559,288.81,15.88,Partial
1268,20260327,1561,557.16,251.11,Partial
1269,20260327,1562,402.43,189.25,Partial
1270,20260327,1563,374.28,15.43,Partial
1271,20260327,1564,340.76,11.65,Partial
1272,20260327,1565,310.92,310.92,Paid
1273,20260327,1566,384.02,384.02,Paid
1274,20260327,1567,7273.58,7273.58,Paid
1275,20260327,1570,477.07,477.07,Paid
1276,20260327,1571,156.54,156.54,Paid
1277,20260327,1572,174.28,174.28,Paid
1278,20260327,1573,242.69,242.69,Paid
1279,20260327,1575,479.65,479.65,Paid
1280,20260328,1576,171.21,171.21,Paid
1281,20260328,1577,419.08,177.19,Partial
1282,20260328,1578,406.84,406.84,Paid
1283,20260329,1580,562.21,562.21,Paid
1284,20260329,1581,5734.61,5734.61,Paid
1285,20260329,1582,375.3,375.3,Paid
1286,20260330,1584,401.32,401.32,Paid
1287,20260330,1585,308.88,308.88,Paid
1288,20260330,1588,173.44,75.27,Partial
1289,20260331,1589,474.99,228.91,Partial
1290,20260331,1592,7129.84,3424.19,Partial
1291,20260331,1593,6563.1,6563.1,Paid
1292,20260331,1596,279.87,279.87,Paid
1293,20260331,1597,379.4,379.4,Paid
1294,20260331,1598,405.12,405.12,Paid
1295,20260331,1599,6374.51,2514.19,Partial
1296,20260331,1600,368.87,368.87,Paid
1297,20260331,1601,146.08,27.76,Partial
1298,20260331,1602,340.76,340.76,Paid
1299,20260331,1603,323.71,80.71,Partial
1300,20260331,1604,543.45,543.45,Paid
1301,20260331,1605,290.27,290.27,Paid
1302,20260331,1606,138.24,138.24,Paid
1303,20260401,1607,436.28,436.28,Paid
1304,20260401,1608,516.81,516.81,Paid
1305,20260401,1609,158.26,158.26,Paid
1306,20260401,1610,318.18,318.18,Paid
1307,20260401,1611,234.19,79.92,Partial
1308,20260401,1612,313.8,4.92,Partial
1309,20260401,1613,308.34,308.34,Paid
1310,20260401,1614,6830.46,442.68,Partial
1311,20260401,1615,538.53,538.53,Paid
1312,20260401,1616,344.86,344.86,Paid
1313,20260401,1617,340.02,340.02,Paid
1314,20260401,1618,146.12,146.12,Paid
1315,20260401,1619,288.88,97.34,Partial
1316,20260402,1620,5639.38,1633.52,Partial
1317,20260402,1621,139.34,139.34,Paid
1318,20260402,1622,373.23,373.23,Paid
1319,20260402,1623,548.29,190.55,Partial
1320,20260402,1624,6232.42,287.23,Partial
1321,20260402,1625,168.05,168.05,Paid
1322,20260402,1627,6235.29,6235.29,Paid
1323,20260402,1628,177.07,53.17,Partial
1324,20260402,1629,358.05,174.08,Partial
1325,20260402,1631,178.35,75.6,Partial
1326,20260402,1632,7294.12,7294.12,Paid
1327,20260403,1634,300.58,300.58,Paid
1328,20260403,1635,396.67,396.67,Paid
1329,20260403,1636,407.35,407.35,Paid
1330,20260403,1637,7270.79,21.72,Partial
1331,20260403,1639,336.2,336.2,Paid
1332,20260403,1642,172.26,172.26,Paid
1333,20260403,1643,307.43,307.43,Paid
1334,20260403,1644,6859.36,6859.36,Paid
1335,20260403,1645,487.91,52.96,Partial
1336,20260403,1646,287.56,141.33,Partial
1337,20260403,1647,281.58,281.58,Paid
1338,20260403,1648,167.89,29.34,Partial
1339,20260404,1649,139.01,139.01,Paid
1340,20260404,1650,332.88,61.32,Partial
1341,20260404,1651,432.33,194.43,Partial
1342,20260404,1652,266.39,64.26,Partial
1343,20260404,1653,321.82,321.82,Paid
1344,20260404,1654,286.49,14.37,Partial
1345,20260404,1655,171.42,171.42,Paid
1346,20260405,1656,6093.98,6093.98,Paid
1347,20260405,1657,479.03,479.03,Paid
1348,20260405,1658,526.86,526.86,Paid
1349,20260405,1660,7295.26,7295.26,Paid
1350,20260406,1661,494.78,494.78,Paid
1351,20260406,1662,6221.41,6221.41,Paid
1352,20260406,1663,160.59,65.36,Partial
1353,20260406,1664,308.57,90.96,Partial
1354,20260406,1666,388.11,388.11,Paid
1355,20260406,1667,170.72,170.72,Paid
1356,20260406,1669,259.51,259.51,Paid
1357,20260406,1670,146.39,62.66,Partial
1358,20260406,1671,455.45,455.45,Paid
1359,20260407,1674,300.26,36.78,Partial
1360,20260407,1675,147.96,44.79,Partial
1361,20260407,1676,382.44,382.44,Paid
1362,20260407,1677,288.06,79.77,Partial
1363,20260407,1679,348.53,348.53,Paid
1364,20260407,1680,251.66,51.49,Partial
1365,20260407,1682,310.5,310.5,Paid
1366,20260407,1684,490.04,490.04,Paid
1367,20260407,1685,6086.77,6086.77,Paid
1368,20260407,1686,473.65,473.65,Paid
1369,20260407,1687,454.59,454.59,Paid
1370,20260407,1688,286.19,128.37,Partial
1371,20260408,1689,6735.22,965.08,Partial
1372,20260408,1690,338.19,338.19,Paid
1373,20260408,1691,306.94,306.94,Paid
1374,20260408,1692,170.51,170.51,Paid
1375,20260408,1693,158.01,158.01,Paid
1376,20260408,1694,6108.7,6108.7,Paid
1377,20260408,1695,157.35,157.35,Paid
1378,20260408,1696,421.1,421.1,Paid
1379,20260408,1697,291.04,291.04,Paid
1380,20260408,1698,256.69,100.48,Partial
1381,20260408,1699,251.31,251.31,Paid
1382,20260408,1701,290.04,26.86,Partial
1383,20260408,1702,243.25,45.38,Partial
1384,20260408,1703,6296.47,6296.47,Paid
1385,20260408,1704,458.76,458.76,Paid
1386,20260408,1705,391.79,391.79,Paid
1387,20260408,1706,383.22,75.49,Partial
1388,20260409,1709,138.85,138.85,Paid
1389,20260409,1712,460.67,460.67,Paid
1390,20260409,1713,134.25,57.86,Partial
1391,20260409,1716,309.31,309.31,Paid
1392,20260409,1718,374.87,374.87,Paid
1393,20260409,1719,249.44,249.44,Paid
1394,20260410,1721,295.11,295.11,Paid
1395,20260410,1723,314.64,314.64,Paid
1396,20260410,1724,483.55,31.3,Partial
1397,20260410,1726,312.19,312.19,Paid
1398,20260410,1727,326.38,326.38,Paid
1399,20260410,1728,437.78,89.5,Partial
1400,20260410,1729,421.58,421.58,Paid
1401,20260410,1730,309.67,309.67,Paid
1402,20260410,1731,315.69,73.32,Partial
1403,20260410,1732,153.62,153.62,Paid
1404,20260410,1733,297.04,297.04,Paid
1405,20260410,1734,325.56,325.56,Paid
1406,20260410,1735,6180.06,6180.06,Paid
1407,20260411,1736,293.54,293.54,Paid
1408,20260411,1737,418.61,418.61,Paid
1409,20260411,1738,566.54,566.54,Paid
1410,20260412,1739,166.34,166.34,Paid
1411,20260412,1740,173.44,173.44,Paid
1412,20260412,1741,151.99,151.99,Paid
1413,20260412,1743,509.62,509.62,Paid
1414,20260413,1745,390.24,390.24,Paid
1415,20260413,1746,290.88,290.88,Paid
1416,20260413,1747,313.73,34.1,Partial
1417,20260413,1748,136.16,136.16,Paid
1418,20260413,1749,6207.56,6207.56,Paid
1419,20260413,1751,6845.03,6845.03,Paid
1420,20260413,1752,535.48,535.48,Paid
1421,20260413,1753,7320.21,7320.21,Paid
1422,20260413,1754,347.88,347.88,Paid
1423,20260414,1755,234.2,234.2,Paid
1424,20260414,1756,240.57,240.57,Paid
1425,20260414,1757,376.5,105.81,Partial
1426,20260414,1758,448.28,151.78,Partial
1427,20260414,1759,485.24,485.24,Paid
1428,20260414,1760,5869.22,5869.22,Paid
1429,20260414,1761,162.07,162.07,Paid
1430,20260414,1762,543.13,171.85,Partial
1431,20260414,1763,7003.77,7003.77,Paid
1432,20260414,1764,6217.96,6217.96,Paid
1433,20260414,1765,449.22,449.22,Paid
1434,20260414,1767,237.24,237.24,Paid
1435,20260414,1768,5635.5,2685.41,Partial
1436,20260414,1770,327.3,72.57,Partial
1437,20260414,1771,255.69,255.69,Paid
1438,20260415,1774,563.91,117.43,Partial
1439,20260415,1776,5874.42,5874.42,Paid
1440,20260415,1777,6616.22,435.56,Partial
1441,20260415,1778,405.6,112.94,Partial
1442,20260415,1779,406.53,406.53,Paid
1443,20260415,1780,149.01,67.36,Partial
1444,20260415,1782,404.34,188.22,Partial
1445,20260415,1783,476.47,476.47,Paid
1446,20260415,1784,433.78,433.78,Paid
1447,20260415,1785,245.22,245.22,Paid
1448,20260415,1786,450.63,450.63,Paid
1449,20260415,1787,319.53,319.53,Paid
1450,20260415,1789,145.12,145.12,Paid
1451,20260415,1790,239.0,239.0,Paid
1452,20260415,1791,257.52,8.85,Partial
1453,20260415,1793,337.39,337.39,Paid
1454,20260415,1794,501.77,501.77,Paid
1455,20260416,1796,490.0,490.0,Paid
1456,20260416,1797,291.22,291.22,Paid
1457,20260416,1799,368.37,160.26,Partial
1458,20260416,1801,6181.08,6181.08,Paid
1459,20260416,1802,413.91,187.51,Partial
1460,20260416,1803,502.88,502.88,Paid
1461,20260417,1804,352.11,352.11,Paid
1462,20260417,1805,6284.91,6284.91,Paid
1463,20260417,1806,289.08,289.08,Paid
1464,20260417,1807,435.24,9.76,Partial
1465,20260417,1808,164.78,164.78,Paid
1466,20260417,1809,135.23,43.86,Partial
1467,20260417,1810,236.17,236.17,Paid
1468,20260417,1811,375.16,375.16,Paid
1469,20260417,1812,383.12,383.12,Paid
1470,20260417,1813,246.46,246.46,Paid
1471,20260417,1814,556.53,143.51,Partial
1472,20260417,1815,344.13,344.13,Paid
1473,20260418,1817,339.78,339.78,Paid
1474,20260418,1819,148.5,148.5,Paid
1475,20260418,1822,444.45,444.45,Paid
1476,20260419,1823,359.62,359.62,Paid
1477,20260419,1824,7172.69,7172.69,Paid
1478,20260420,1825,441.55,441.55,Paid
1479,20260420,1826,313.01,313.01,Paid
1480,20260420,1827,340.01,53.1,Partial
1481,20260420,1828,235.16,235.16,Paid
1482,20260420,1829,446.04,446.04,Paid
1483,20260420,1831,501.55,501.55,Paid
1484,20260420,1832,256.68,96.94,Partial
1485,20260420,1833,541.27,184.39,Partial
1486,20260420,1834,7147.11,3260.35,Partial
1487,20260420,1835,564.06,564.06,Paid
1488,20260420,1836,270.93,10.16,Partial
1489,20260420,1837,7160.49,7160.49,Paid
1490,20260420,1839,384.65,384.65,Paid
1491,20260420,1840,138.65,2.98,Partial
1492,20260420,1842,344.04,344.04,Paid
1493,20260420,1843,149.49,34.85,Partial
1494,20260421,1845,173.79,173.79,Paid
1495,20260421,1846,374.11,140.06,Partial
1496,20260421,1847,550.27,196.37,Partial
1497,20260421,1848,6903.47,6903.47,Paid
1498,20260421,1849,413.88,413.88,Paid
1499,20260421,1853,548.39,548.39,Paid
1500,20260421,1855,513.19,513.19,Paid
1501,20260421,1857,303.97,303.97,Paid
1502,20260421,1858,343.36,25.12,Partial
1503,20260421,1860,6184.28,6184.28,Paid
1504,20260422,1861,334.31,334.31,Paid
1505,20260422,1863,378.62,378.62,Paid
1506,20260422,1864,471.93,471.93,Paid
1507,20260422,1865,440.01,440.01,Paid
1508,20260422,1866,486.43,486.43,Paid
1509,20260422,1867,7355.48,1239.23,Partial
1510,20260422,1869,145.06,145.06,Paid
1511,20260422,1870,6677.58,6677.58,Paid
1512,20260422,1871,522.54,522.54,Paid
1513,20260422,1873,336.74,336.74,Paid
1514,20260422,1874,562.61,562.61,Paid
1515,20260423,1875,309.51,133.44,Partial
1516,20260423,1876,7207.77,7207.77,Paid
1517,20260423,1877,137.17,137.17,Paid
1518,20260423,1878,306.53,101.11,Partial
1519,20260423,1879,321.3,321.3,Paid
1520,20260423,1881,332.39,332.39,Paid
1521,20260423,1882,463.39,155.21,Partial
1522,20260423,1883,7290.33,2337.01,Partial
1523,20260423,1884,6792.02,1859.13,Partial
1524,20260423,1885,385.5,385.5,Paid
1525,20260423,1886,388.43,99.05,Partial
1526,20260424,1887,331.43,331.43,Paid
1527,20260424,1888,7423.52,849.01,Partial
1528,20260424,1889,315.09,315.09,Paid
1529,20260424,1890,489.69,489.69,Paid
1530,20260424,1891,156.18,156.18,Paid
1531,20260424,1892,470.88,470.88,Paid
1532,20260424,1893,153.39,153.39,Paid
1533,20260424,1894,288.04,288.04,Paid
1534,20260424,1895,298.79,298.79,Paid
1535,20260424,1896,5867.45,5867.45,Paid
1536,20260424,1897,293.98,293.98,Paid
1537,20260424,1898,357.71,5.81,Partial
1538,20260424,1899,360.83,360.83,Paid
1539,20260424,1900,450.2,450.2,Paid
1540,20260424,1901,5921.73,5921.73,Paid
1541,20260424,1902,317.13,6.23,Partial
1542,20260424,1903,453.82,453.82,Paid
1543,20260425,1904,5905.87,1570.73,Partial
1544,20260425,1905,372.95,372.95,Paid
1545,20260425,1906,288.18,288.18,Paid
1546,20260425,1907,146.15,146.15,Paid
1547,20260425,1908,339.18,339.18,Paid
1548,20260426,1909,382.01,382.01,Paid
1549,20260426,1911,420.05,420.05,Paid
1550,20260427,1912,461.76,461.76,Paid
1551,20260427,1913,344.15,344.15,Paid
1552,20260427,1914,153.6,153.6,Paid
1553,20260427,1915,418.64,418.64,Paid
1554,20260427,1917,5603.03,5603.03,Paid
1555,20260427,1918,432.11,432.11,Paid
1556,20260427,1920,293.9,293.9,Paid
1557,20260427,1921,561.64,561.64,Paid
1558,20260427,1922,483.37,483.37,Paid
1559,20260427,1923,7091.15,330.52,Partial
1560,20260427,1924,137.64,35.41,Partial
1561,20260427,1925,379.16,379.16,Paid
1562,20260427,1926,574.04,574.04,Paid
1563,20260428,1927,252.06,252.06,Paid
1564,20260428,1929,399.07,399.07,Paid
1565,20260428,1930,465.32,465.32,Paid
1566,20260428,1931,545.43,545.43,Paid
1567,20260428,1932,435.6,435.6,Paid
1568,20260428,1933,376.74,184.5,Partial
1569,20260428,1934,460.15,207.65,Partial
1570,20260428,1937,251.14,251.14,Paid
1571,20260428,1938,338.49,338.49,Paid
1572,20260428,1939,310.46,310.46,Paid
1573,20260428,1940,550.86,3.83,Partial
1574,20260428,1941,6403.68,6403.68,Paid
1575,20260429,1943,237.53,237.53,Paid
1576,20260429,1944,360.02,57.97,Partial
1577,20260429,1945,470.84,198.09,Partial
1578,20260429,1946,7118.6,7118.6,Paid
1579,20260429,1949,265.85,77.68,Partial
1580,20260429,1951,412.86,412.86,Paid
1581,20260429,1953,484.32,484.32,Paid
1582,20260430,1954,5677.38,2577.02,Partial
1583,20260430,1955,154.66,154.66,Paid
1584,20260430,1956,278.3,5.59,Partial
1585,20260430,1957,7007.91,7007.91,Paid
1586,20260430,1959,6825.23,6825.23,Paid
1587,20260430,1960,461.87,94.25,Partial
1588,20260430,1961,437.5,22.9,Partial
1589,20260430,1962,5750.45,824.46,Partial
1590,20260430,1965,378.86,71.09,Partial
1591,20260430,1966,242.64,6.2,Partial
1592,20260430,1967,369.18,31.91,Partial
1593,20260501,1968,312.4,312.4,Paid
1594,20260501,1969,356.71,356.71,Paid
1595,20260501,1971,321.08,103.17,Partial
1596,20260501,1972,269.69,1.75,Partial
1597,20260501,1973,156.44,41.64,Partial
1598,20260501,1974,389.94,5.16,Partial
1599,20260501,1975,376.71,376.71,Paid
1600,20260501,1976,309.38,154.68,Partial
1601,20260501,1977,452.12,452.12,Paid
1602,20260501,1978,305.3,305.3,Paid
1603,20260501,1979,379.98,379.98,Paid
1604,20260501,1980,485.87,485.87,Paid
1605,20260501,1981,458.69,458.69,Paid
1606,20260502,1982,460.66,205.66,Partial
1607,20260502,1983,370.91,108.18,Partial
1608,20260503,1984,173.45,173.45,Paid
1609,20260503,1985,416.95,416.95,Paid
1610,20260503,1986,305.48,44.88,Partial
1611,20260503,1987,139.55,139.55,Paid
1612,20260503,1988,494.69,494.69,Paid
1613,20260504,1989,469.8,39.35,Partial
1614,20260504,1990,263.26,263.26,Paid
1615,20260504,1991,172.06,34.03,Partial
1616,20260504,1992,242.87,242.87,Paid
1617,20260504,1993,369.58,369.58,Paid
1618,20260504,1994,349.06,349.06,Paid
1619,20260504,1995,248.76,248.76,Paid
1620,20260504,1996,325.69,325.69,Paid
1621,20260504,1997,7234.95,7234.95,Paid
1622,20260504,1998,6637.67,6637.67,Paid
1623,20260504,2000,316.59,316.59,Paid
1624,20260504,2001,303.66,303.66,Paid
1625,20260505,2004,431.4,431.4,Paid
1626,20260505,2005,458.54,458.54,Paid
1627,20260505,2006,148.24,148.24,Paid
1628,20260505,2007,347.9,347.9,Paid
1629,20260505,2008,6451.36,1476.55,Partial
1630,20260505,2009,339.09,339.09,Paid
1631,20260505,2010,135.86,135.86,Paid
1632,20260505,2011,155.49,155.49,Paid
1633,20260505,2012,345.12,164.76,Partial
1634,20260506,2016,485.32,485.32,Paid
1635,20260506,2018,7271.52,7271.52,Paid
1636,20260506,2019,155.39,155.39,Paid
1637,20260506,2020,359.82,359.82,Paid
1638,20260506,2022,443.3,443.3,Paid
1639,20260506,2023,381.22,381.22,Paid
1640,20260506,2024,168.57,168.57,Paid
1641,20260506,2025,383.46,383.46,Paid
1642,20260506,2026,294.8,57.71,Partial
1643,20260506,2028,463.51,463.51,Paid
1644,20260506,2029,303.17,303.17,Paid
1645,20260506,2030,7231.73,497.39,Partial
1646,20260507,2031,157.3,157.3,Paid
1647,20260507,2033,5715.91,5715.91,Paid
1648,20260507,2034,349.1,349.1,Paid
1649,20260507,2037,471.44,471.44,Paid
1650,20260507,2039,419.92,419.92,Paid
1651,20260507,2040,325.82,325.82,Paid
1652,20260507,2041,383.63,383.63,Paid
1653,20260507,2042,5930.74,5930.74,Paid
1654,20260507,2043,368.71,368.71,Paid
1655,20260508,2044,337.77,337.77,Paid
1656,20260508,2045,160.13,31.7,Partial
1657,20260508,2046,381.11,381.11,Paid
1658,20260508,2047,340.19,340.19,Paid
1659,20260508,2048,254.31,254.31,Paid
1660,20260508,2049,167.64,7.22,Partial
1661,20260508,2050,339.55,339.55,Paid
1662,20260508,2051,407.04,407.04,Paid
1663,20260508,2054,345.9,106.46,Partial
1664,20260509,2056,372.34,372.34,Paid
1665,20260509,2057,147.1,147.1,Paid
1666,20260509,2058,283.88,283.88,Paid
1667,20260510,2060,6257.01,1336.57,Partial
1668,20260510,2061,392.17,392.17,Paid
1669,20260511,2063,516.6,516.6,Paid
1670,20260511,2064,442.03,442.03,Paid
1671,20260511,2065,165.67,165.67,Paid
1672,20260511,2066,288.32,288.32,Paid
1673,20260511,2067,403.39,176.43,Partial
1674,20260511,2068,431.75,133.91,Partial
1675,20260511,2070,304.57,49.19,Partial
1676,20260511,2071,6266.68,2401.87,Partial
1677,20260511,2072,373.18,55.09,Partial
1678,20260511,2075,147.3,65.31,Partial
1679,20260512,2076,6304.03,1319.88,Partial
1680,20260512,2077,310.43,119.29,Partial
1681,20260512,2078,387.35,387.35,Paid
1682,20260512,2079,275.2,275.2,Paid
1683,20260512,2080,262.38,262.38,Paid
1684,20260512,2081,410.75,410.75,Paid
1685,20260512,2082,356.06,356.06,Paid
1686,20260512,2083,334.63,334.63,Paid
1687,20260512,2084,443.38,443.38,Paid
1688,20260512,2085,335.5,335.5,Paid
1689,20260512,2087,307.85,307.85,Paid
1690,20260512,2088,379.68,172.59,Partial
1691,20260512,2089,5937.11,5937.11,Paid
1692,20260513,2090,281.51,281.51,Paid
1693,20260513,2091,150.86,150.86,Paid
1694,20260513,2093,301.31,301.31,Paid
1695,20260513,2094,527.45,527.45,Paid
1696,20260513,2097,495.9,101.82,Partial
1697,20260513,2098,322.75,322.75,Paid
1698,20260514,2100,168.03,168.03,Paid
1699,20260514,2101,568.33,568.33,Paid
1700,20260514,2102,387.76,121.9,Partial
1701,20260514,2103,7013.38,7013.38,Paid
1702,20260514,2104,6648.04,744.87,Partial
1703,20260514,2105,138.64,66.07,Partial
1704,20260514,2106,6263.11,2749.82,Partial
1705,20260514,2107,489.96,489.96,Paid
1706,20260514,2108,505.98,184.0,Partial
1707,20260515,2111,318.29,318.29,Paid
1708,20260515,2112,286.5,286.5,Paid
1709,20260515,2114,396.74,396.74,Paid
1710,20260515,2116,178.41,178.41,Paid
1711,20260515,2118,257.59,257.59,Paid
1712,20260515,2119,494.81,494.81,Paid
1713,20260515,2120,355.65,355.65,Paid
1714,20260515,2121,363.62,363.62,Paid
1715,20260515,2122,326.01,326.01,Paid
1716,20260515,2124,461.31,461.31,Paid
1717,20260516,2125,562.28,562.28,Paid
1718,20260516,2126,325.22,325.22,Paid
1719,20260516,2127,468.38,468.38,Paid
1720,20260516,2128,382.21,382.21,Paid
1721,20260516,2129,6527.58,6527.58,Paid
1722,20260516,2130,249.16,249.16,Paid
1723,20260517,2133,359.76,359.76,Paid
1724,20260517,2134,331.01,331.01,Paid
1725,20260518,2136,331.59,331.59,Paid
1726,20260518,2137,371.5,371.5,Paid
1727,20260518,2138,308.57,308.57,Paid
1728,20260518,2139,303.72,303.72,Paid
1729,20260518,2140,5989.27,5989.27,Paid
1730,20260518,2141,294.1,294.1,Paid
1731,20260518,2142,262.92,262.92,Paid
1732,20260518,2143,357.38,122.71,Partial
1733,20260518,2144,347.28,104.73,Partial
1734,20260518,2145,407.82,407.82,Paid
1735,20260518,2146,499.21,158.71,Partial
1736,20260518,2147,366.65,173.14,Partial
1737,20260518,2148,6364.0,518.97,Partial
1738,20260519,2149,294.45,294.45,Paid
1739,20260519,2151,148.41,148.41,Paid
1740,20260519,2152,174.85,174.85,Paid
1741,20260519,2153,7153.25,7153.25,Paid
1742,20260519,2154,394.1,394.1,Paid
1743,20260519,2155,484.15,484.15,Paid
1744,20260519,2156,6732.6,156.14,Partial
1745,20260519,2157,376.43,171.58,Partial
1746,20260519,2159,6800.72,989.78,Partial
1747,20260519,2160,299.92,299.92,Paid
1748,20260519,2161,5996.33,5996.33,Paid
1749,20260519,2162,141.53,64.08,Partial
1750,20260519,2163,308.91,308.91,Paid
1751,20260520,2164,396.13,161.27,Partial
1752,20260520,2165,501.25,501.25,Paid
1753,20260520,2166,458.49,458.49,Paid
1754,20260520,2167,379.47,379.47,Paid
1755,20260520,2168,155.7,155.7,Paid
1756,20260520,2169,7218.39,7218.39,Paid
1757,20260520,2170,311.19,311.19,Paid
1758,20260520,2171,160.44,30.85,Partial
1759,20260520,2172,151.34,151.34,Paid
1760,20260520,2173,172.72,28.44,Partial
1761,20260520,2174,162.57,162.57,Paid
1762,20260520,2175,7199.36,7199.36,Paid
1763,20260521,2177,354.4,120.52,Partial
1764,20260521,2178,313.35,313.35,Paid
1765,20260521,2179,374.41,374.41,Paid
1766,20260521,2180,489.26,203.05,Partial
1767,20260521,2181,342.75,342.75,Paid
1768,20260521,2182,337.09,337.09,Paid
1769,20260521,2183,347.98,347.98,Paid
1770,20260521,2184,422.75,422.75,Paid
1771,20260521,2185,161.21,161.21,Paid
1772,20260521,2186,459.15,459.15,Paid
1773,20260522,2188,274.94,274.94,Paid
1774,20260522,2189,248.67,248.67,Paid
1775,20260522,2190,289.63,289.63,Paid
1776,20260522,2191,289.96,289.96,Paid
1777,20260522,2192,379.48,80.77,Partial
1778,20260522,2193,407.95,20.86,Partial
1779,20260522,2195,145.69,145.69,Paid
1780,20260522,2196,142.88,142.88,Paid
1781,20260522,2197,6812.56,607.27,Partial
1782,20260522,2198,146.22,146.22,Paid
1783,20260523,2199,360.14,360.14,Paid
1784,20260524,2202,440.69,7.95,Partial
1785,20260524,2203,514.65,127.26,Partial
1786,20260524,2205,459.6,459.6,Paid
1787,20260524,2206,156.0,156.0,Paid
1788,20260525,2208,146.66,30.29,Partial
1789,20260525,2209,380.0,130.33,Partial
1790,20260525,2210,372.05,75.51,Partial
1791,20260525,2211,172.12,172.12,Paid
1792,20260525,2212,288.54,288.54,Paid
1793,20260525,2213,355.01,355.01,Paid
1794,20260525,2214,248.46,102.98,Partial
1795,20260525,2215,391.31,391.31,Paid
1796,20260525,2216,161.12,161.12,Paid
1797,20260525,2217,140.62,67.69,Partial
1798,20260526,2218,469.88,469.88,Paid
1799,20260526,2219,458.49,458.49,Paid
1800,20260526,2220,387.02,83.92,Partial
1801,20260526,2222,313.86,313.86,Paid
1802,20260526,2224,6187.65,1258.43,Partial
1803,20260526,2225,414.92,414.92,Paid
1804,20260526,2226,154.39,154.39,Paid
1805,20260526,2228,409.46,127.95,Partial
1806,20260526,2229,5729.48,5729.48,Paid
1807,20260527,2231,296.92,12.88,Partial
1808,20260527,2232,401.29,401.29,Paid
1809,20260527,2233,439.41,439.41,Paid
1810,20260527,2234,464.11,464.11,Paid
1811,20260527,2235,6773.45,6773.45,Paid
1812,20260527,2236,407.38,165.75,Partial
1813,20260527,2237,6962.06,6962.06,Paid
1814,20260527,2238,6828.71,6828.71,Paid
1815,20260527,2241,292.34,129.85,Partial
1816,20260528,2242,420.96,420.96,Paid
1817,20260528,2243,162.87,162.87,Paid
1818,20260528,2244,426.92,426.92,Paid
1819,20260528,2245,451.22,172.21,Partial
1820,20260528,2246,522.86,188.7,Partial
1821,20260528,2247,247.92,247.92,Paid
1822,20260528,2249,504.32,504.32,Paid
1823,20260528,2250,267.73,267.73,Paid
1824,20260528,2251,152.75,31.06,Partial
1825,20260529,2252,168.07,68.88,Partial
1826,20260529,2253,473.35,473.35,Paid
1827,20260529,2254,339.26,339.26,Paid
1828,20260529,2255,293.58,293.58,Paid
1829,20260529,2257,152.3,152.3,Paid
1830,20260529,2259,335.26,335.26,Paid
1831,20260529,2261,152.29,152.29,Paid
1832,20260530,2262,135.58,135.58,Paid
1833,20260530,2263,6483.77,882.72,Partial
1834,20260530,2265,436.06,436.06,Paid
1835,20260530,2266,321.33,321.33,Paid
1836,20260531,2267,366.27,366.27,Paid
1837,20260531,2269,6245.77,6245.77,Paid
1838,20260531,2270,163.13,62.87,Partial
1839,20260531,2272,269.34,269.34,Paid
1840,20260531,2274,306.09,138.54,Partial
